{"polyfill":["/polyfill-1242c19ba571fb626649.js"],"app":["/app-5df1441486a873ec3807.js"],"component---src-pages-accounts-index-jsx":["/component---src-pages-accounts-index-jsx-ccdd4535e49ee8b473ae.js"],"component---src-pages-accounts-new-jsx":["/component---src-pages-accounts-new-jsx-e3c04ac0d8fad59f0615.js"],"component---src-pages-backup-csv-backup-jsx":["/component---src-pages-backup-csv-backup-jsx-d0744daa1c4076243645.js"],"component---src-pages-backup-index-jsx":["/component---src-pages-backup-index-jsx-11077396bedcf10ae671.js"],"component---src-pages-index-jsx":["/component---src-pages-index-jsx-180c5ae4a0da1f9fb29c.js"],"component---src-pages-overview-jsx":["/component---src-pages-overview-jsx-af6d4898cd96fb9fbb6d.js"],"component---src-pages-password-jsx":["/component---src-pages-password-jsx-e7bda05041a3303a0935.js"],"component---src-pages-report-graphs-jsx":["/component---src-pages-report-graphs-jsx-5bd9fd26b0e2abf8c3ab.js"],"component---src-pages-victim-incident-jsx":["/component---src-pages-victim-incident-jsx-9ba4a54555447be333cf.js"],"component---src-pages-victim-index-jsx":["/component---src-pages-victim-index-jsx-e17a85c4fa0a4fe50545.js"],"component---src-pages-victim-new-incident-jsx":["/component---src-pages-victim-new-incident-jsx-3f87fab76965e2c933c4.js"],"component---src-pages-victim-new-session-jsx":["/component---src-pages-victim-new-session-jsx-d0e63290a61a32256512.js"],"component---src-pages-victim-new-victim-jsx":["/component---src-pages-victim-new-victim-jsx-975f10cb07fde545d7fd.js"],"component---src-pages-victim-one-victim-jsx":["/component---src-pages-victim-one-victim-jsx-a84eb42367be81afc5ec.js"],"component---src-pages-victim-session-jsx":["/component---src-pages-victim-session-jsx-88c864fe920c96c2b7b9.js"]}