{"polyfill":["/polyfill-0de4f4b8a9fdc693d57b.js"],"app":["/app-fb2f307f5aaef0114448.js"],"component---src-pages-accounts-index-jsx":["/component---src-pages-accounts-index-jsx-c21993b7ee710e911aed.js"],"component---src-pages-accounts-new-jsx":["/component---src-pages-accounts-new-jsx-42c7b4c3396ae0507f74.js"],"component---src-pages-backup-csv-backup-jsx":["/component---src-pages-backup-csv-backup-jsx-16365abf5c3058ab36f4.js"],"component---src-pages-backup-index-jsx":["/component---src-pages-backup-index-jsx-27632f71515c2091af15.js"],"component---src-pages-index-jsx":["/component---src-pages-index-jsx-ffdcf7d4c11142e1f163.js"],"component---src-pages-overview-jsx":["/component---src-pages-overview-jsx-c0109d6a267bd1e5be0c.js"],"component---src-pages-password-jsx":["/component---src-pages-password-jsx-ba79ddc699ec9fbe6af7.js"],"component---src-pages-report-graphs-jsx":["/component---src-pages-report-graphs-jsx-9c51769bb3157b0011bc.js"],"component---src-pages-victim-incident-jsx":["/component---src-pages-victim-incident-jsx-b2f7d589947ed965263a.js"],"component---src-pages-victim-index-jsx":["/component---src-pages-victim-index-jsx-b9806eec568c9883163c.js"],"component---src-pages-victim-new-incident-jsx":["/component---src-pages-victim-new-incident-jsx-f03e4f02b604add6d31f.js"],"component---src-pages-victim-new-session-jsx":["/component---src-pages-victim-new-session-jsx-561fe2524a9ff6bc8db5.js"],"component---src-pages-victim-new-victim-jsx":["/component---src-pages-victim-new-victim-jsx-e1ec75371c6d014bf417.js"],"component---src-pages-victim-one-victim-jsx":["/component---src-pages-victim-one-victim-jsx-cc520b55b10a7516aafc.js"],"component---src-pages-victim-session-jsx":["/component---src-pages-victim-session-jsx-dc231f479efc4fedf35c.js"]}